img3-1-_png.rf.e6c7b7c805e434377651e2144135eaaf.jpg,112
img3-10-_png.rf.c332d6fcd21b3977c3a3a0faf47132b7.jpg,131
img3-11-_png.rf.921fe6600469a0034180d7870b00580e.jpg,331
img3-12-_png.rf.443a3cb93650acc18a326581e9ea2259.jpg,332
img3-14-_png.rf.8d2d0438082fc3465528c7e884e24a4b.jpg,212
img3-15-_png.rf.52e4128069a9b94c90be6193fe018405.jpg,312
img3-16-_png.rf.63fad5b924da5c7c1f39dcb2e9c43401.jpg,322
img3-2-_png.rf.8954d6f2dc5b80f57d2d4d10ffad70a3.jpg,122
img3-3-_png.rf.f21d5ea9e873db15715a0fcf4078598f.jpg,311
img3-4-_png.rf.1c73fe7d718c2f6c48132a94e23251f1.jpg,321
img3-6-_png.rf.6bf9e1d43514a77b494b97a420b48843.jpg,223
img3-7-_png.rf.40441753521df0ca9399c18e69fd67ec.jpg,123
img3-8-_png.rf.0716d7a9cef68fc7ea45d18d8775b90b.jpg,133
img4-1-_png.rf.6237e5d7b2060dfaeac80d848f188988.jpg,3213
img4-10-_png.rf.2cc1181e9ac0f6a0bc7d3f221762fcf4.jpg,1321
img4-11-_png.rf.45b9ba52c03bc3f4bd8584f96a1cc0c9.jpg,1221
img4-12-_png.rf.3fc8ed92816ad737aad936dfe4cfff3c.jpg,2221
img4-15-_png.rf.2971a9e868ddb0e0f1e5deb64a9589b6.jpg,3123
img4-16-_png.rf.be85d901d756a7ecf73939c9f3c32669.jpg,1123
img4-17-_png.rf.82cf4d7fa9b90d68d1fcd186856ccb3c.jpg,1133
img4-18-_png.rf.26de777a8d6d7e39f65241795d48ebe5.jpg,2133
img4-19-_png.rf.a49d51bd2ef542ac69951f86e6b34377.jpg,2333
img4-2-_png.rf.b0bb70be9804c102d4a3c6e68c74f3b2.jpg,3332
img4-20-_png.rf.23360d09a40de5cc7f0ee754ecaeb37d.jpg,3333
img4-21-_png.rf.2286b7181d2e87356807e8f9e1a031ac.jpg,3111
img4-22-_png.rf.7e1beb8542f9e8eb22eca682a036df25.jpg,3211
img4-26-_png.rf.d08b19891475256307a50e0d3226f664.jpg,1221
img4-27-_png.rf.ac12001d00ce89e9e635f984e6fd1160.jpg,1121
img4-29-_png.rf.ed3519652f581b1273997f155c95f669.jpg,2131
img4-3-_png.rf.621dd85cb2907dea4a843032092dc8cb.jpg,2332
img4-30-_png.rf.f86a0a12fd5f6a9cb1130ccc7a03b4b7.jpg,2331
img4-31-_png.rf.52968cc34102a2ae04bcb41d28bba945.jpg,3331
img4-4-_png.rf.ef012c8d34f675761b238f29738cde7a.jpg,1112
img4-4-_png.rf.f4b83ff46dc4f560e2e497a56c484be9.jpg,3322
img4-5-_png.rf.2cd1fd30cb5d14f745041c70ea5cd60b.jpg,1212
img4-5-_png.rf.7e8ae1bad387565ada4745a85af153af.jpg,1113
img4-6-_png.rf.1246742b2cd473f9ad460a0aeaff08ce.jpg,2111
img4-7-_png.rf.1528bb7b7a4b893e479261ad5058a5e1.jpg,2311
img5 (1).png,33111
img5 (10).png,23331
img5 (11).png,33331
img5 (12).png,33332
img5 (13).png,23332
img5 (15).png,11332
img5 (16).png,11232
img5 (17).png,31232
img5 (2).png,13211
img5 (21).png,32212
img5 (22).png,31212
img5 (23).png,11212
img5 (25).png,21312
img5 (26).png,23312
img5 (27).png,33312
img5 (28).png,33322
img5 (29).png,23322
img5 (30).png,21322
img5 (31).png,11322
img5 (32).png,11222
img5 (33).png,31222
img5 (34).png,32222
img5 (35).png,22222
img5 (4).png,22231
img5 (5).png,32231
img5 (6).png,31231
img5 (8).png,11331
img5 (9).png,21331
img5-1-_png.rf.c5ee003912136d371368f8df1a008e61.jpg,21111
img5-103-_png.rf.0ac7dc8999b00b073886a027d525c3c4.jpg,13221
img5-104-_png.rf.3a3cec24a715af87bfcc6321e641a492.jpg,12221
img5-11-_png.rf.3c0eb62a3920c20bcd94daef3c4f31b3.jpg,21321
img5-111-_png.rf.93e8c3e722ea6a2d91cf6fb76c39c9d4.jpg,11323
img5-112-_png.rf.0449d9bced47ec1aedbc0c5680679acf.jpg,21323
img5-113-_png.rf.032ae94535ca63aa44a6cb218b22bbd5.jpg,23323
img5-115-_png.rf.814c07abb38f1cf1b453eeeea5401bfa.jpg,33313
img5-117-_png.rf.ae4d6c6d528e93b38ba1dbec60189955.jpg,21313
img5-119-_png.rf.af101d3aac053762efdda39b115128db.jpg,11213
img5-120-_png.rf.d1d6fe455706109320bc37a7a872a5bd.jpg,21213
img5-123-_png.rf.aa68134cb387d94aa3633ab339dd19bd.jpg,33223
img5-125-_png.rf.b10f9a5daf71840814debcdf867dcc5d.jpg,13113
img5-127-_png.rf.2aa1db53e874cbff75c9b1a46a45202a.jpg,32113
img5-13-_png.rf.8560ee8f6006dfad86b803bc06111c0a.jpg,11221
img5-131-_png.rf.1a4e6e4f6bc18820b2e25c41cb4e9681.jpg,32113
img5-135-_png.rf.b0f41acfe310ceeb6613d6938471d459.jpg,13313
img5-136-_png.rf.885878da01c92f013d4bfc02727424c7.jpg,23313
img5-137-_png.rf.c99964bf8947b584599a1915f6ccb9ff.jpg,21313
img5-139-_png.rf.eb0b8dd045b82f8d194474fd0ce4abd1.jpg,32313
img5-141-_png.rf.78f19efa7557c2b35b36ce0369f77cb0.jpg,22113
img5-143-_png.rf.1eb47273e092564be552a6837f874bdb.jpg,31113
img5-145-_png.rf.654ec35839b179fa4401fafec3fdbdce.jpg,21113
img5-147-_png.rf.6fc6839a3283269732540c6b6b985358.jpg,33113
img5-149-_png.rf.85becd0c2a9b0ab59fb35f2f318e9067.jpg,13213
img5-15-_png.rf.9bdde8418e3a52164a2e710cb309761a.jpg,32223
img5-151-_png.rf.10350e4987ca23e364ecc23dd920bfe7.jpg,22213
img5-153-_png.rf.941ecebf0fa1581625819103122adf34.jpg,12233
img5-155-_png.rf.abebf017fbef471fdd784edc0994cc17.jpg,33233
img5-157-_png.rf.b7f1d67131e53e4ecea12131ad4345c2.jpg,12233
img5-16-_png.rf.1a3b54932a56b92df548a24520a8d8cb.jpg,22221
img5-160-_png.rf.2dd6ff550551a444ddfd57f006a71e7f.jpg,11233
img5-161-_png.rf.3b7ef1562ccccddd9a9d4516fc6dc07b.jpg,11333
img5-163-_png.rf.1fc21cb621aded352a0e37ba93086196.jpg,23333
img5-167-_png.rf.1c0cff689c1fa56465c5829dbcca2e85.jpg,33111
img5-169-_png.rf.aee7ff767670f127f1ae0d99750d0e60.jpg,13211
img5-17-_png.rf.6b61b1ef62725fda985178396cdfaf5b.jpg,22223
img5-171-_png.rf.83971fcb5e1f1e11a3d0552755aa618c.jpg,22211
img5-173-_png.rf.9674ba1fdf719177234f509b5cc68b5c.jpg,12231
img5-175-_png.rf.aab1757757ce3577fe29995898a671bd.jpg,33231
img5-177-_png.rf.70752e93997a4aa1b88ec7c0a9cc2fab.jpg,23131
img5-179-_png.rf.4d3e5e977b743e6ac34b20dcca234960.jpg,31131
img5-181-_png.rf.e11cd4ada926220805b38b89a80d1294.jpg,22131
img5-183-_png.rf.8d639ffc7517c48f3100aa158792b351.jpg,12331
img5-185-_png.rf.ca4c4bef62ceef55610d5a00d4b2f72f.jpg,33331
img5-187-_png.rf.6dcecc20a2b50a8c32e02f1540c07ff9.jpg,13332
img5-189-_png.rf.ae973cda6b4eb25bce9c1a66b2ffa811.jpg,22332
img5-191-_png.rf.e8c1f2dab7f8428731b609aaa2fbb92a.jpg,32132
img5-195-_png.rf.c002676de1dd384deafd58595554a32d.jpg,31122
img5-197-_png.rf.434dd5c1e24f14575ce5ebd6f6e8e7bc.jpg,22122
img5-199-_png.rf.4f006848a13b18614a913911382411bd.jpg,12322
img5-203-_png.rf.4a9a3826887a21b7c515b114c6c325ed.jpg,13312
img5-207-_png.rf.d0b200c8dc15de75444dfc01c094d7cd.jpg,32112
img5-209-_png.rf.3914f18bb10c0c43ada79b94da043594.jpg,21112
img5-21-_png.rf.65f3e824f03a87c9688142b93fbb6916.jpg,33123
img5-211-_png.rf.d852e4511ce0856084efdb6bce67f0ee.jpg,32112
img5-213-_png.rf.f14e41b00b519aa1debec0c0699eb1a6.jpg,22312
img5-215-_png.rf.34d584c0f1149546225ecfe9f01b6ef5.jpg,13312
img5-217-_png.rf.0eb4b948107f7e55fb15210a06abe19e.jpg,33322
img5-219-_png.rf.11fe1087851642be7970f68b5e80b48e.jpg,12322
img5-221-_png.rf.65df97b365bebd8b4a82aa6a0af7f730.jpg,22122
img5-223-_png.rf.abda30f331cb53e62a103f229c3848cf.jpg,31122
img5-227-_png.rf.4bc43fba1125c0ffb035d46473b74ca3.jpg,22122
img5-229-_png.rf.0b1904dedb28a4fd0e1ad8fdff52b5ed.jpg,13122
img5-231-_png.rf.2399af59cc93ea5b6d8c64a638f4193f.jpg,33222
img5-233-_png.rf.b69e952aa566493ff7da012d9f8e6680.jpg,21222
img5-235-_png.rf.2743368a3697db568739856cd45e4470.jpg,32222
img5-237-_png.rf.e4af033c09314571961a08280d443309.jpg,32222
img5-239-_png.rf.79c8d7001fedba0277970de1d7bab965.jpg,11222
img5-24-_png.rf.bfa1ae5773c4a7e6a9c891c3bd3dd516.jpg,11123
img5-243-_png.rf.9ca542e5cd7f3aba4e51ccc783433ebb.jpg,33322
img5-245-_png.rf.652965c715410be69a7cf2ab1894c3a3.jpg,13312
img5-247-_png.rf.74a153c07a4d025b658077c9c13f071b.jpg,22312
img5-249-_png.rf.95d2630b7866c5f462120ff49ca4342e.jpg,32112
img5-257-_png.rf.e0ed078467edd7a25c156e1d51c47089.jpg,23213
img5-259-_png.rf.b6b9cc2ff388f5b751c11858af9d4306.jpg,11213
img5-265-_png.rf.50f5341ed3bf27f6f5d7734de87a322a.jpg,13323
img5-267-_png.rf.3c9696b0cff23a0cac1d3070112cf7f4.jpg,32323
img5-269-_png.rf.3312515342ce9f33113577c7efda5cd1.jpg,11323
img5-27-_png.rf.040ad63c41ab2dd01987415167264e40.jpg,31133
img5-271-_png.rf.e62bef35730b10b05e452ff47b0015ee.jpg,31223
img5-273-_png.rf.5c7aa95c65007822525253b06878f30b.jpg,12223
img5-275-_png.rf.963f030b09f6b8047fbbb57261063e46.jpg,33223
img5-277-_png.rf.ed2fbd2f33d60abebcf67b67908375b7.jpg,23123
img5-279-_png.rf.2047d48d76e8b715c0785c845a4ccce8.jpg,31123
img5-281-_png.rf.06cbc11860e9fa5f8ac23dbe89d7c18d.jpg,11133
img5-285-_png.rf.c377524807dc17d2751feed958b0409e.jpg,31133
img5-287-_png.rf.00753ee0b1bd1ee84c1518cb4d6701a8.jpg,22133
img5-289-_png.rf.54a5fe726e34f84e42b191e9e2b09e53.jpg,12333
img5-29-_png.rf.b1556f1c60d3b4a60aa100323ac949ab.jpg,22133
img5-293-_png.rf.a0e43d38175573517255645f720dc846.jpg,32111
img5-297-_png.rf.0a174b3c81869223e5da7b82e389bba0.jpg,13311
img5-299-_png.rf.f0dc3ae286d978243dbf706ab3e6a693.jpg,33321
img5-301-_png.rf.19179b4c04cf65d8ce2b1a84c13842e0.jpg,12321
img5-305-_png.rf.f997742603f5e91ae9ec55ac6409e4a4.jpg,31121
img5-307-_png.rf.055c120be216de5b7d7dab26648d9d66.jpg,11131
img5-309-_png.rf.d06de290d2080dacd77e85b927726fd4.jpg,23131
img5-31-_png.rf.28c38ec40933547786dea16f6fea3380.jpg,12333
img5-313-_png.rf.44bc362faf0426084999b28e76457eea.jpg,12231
img5-315-_png.rf.0ed23337ec3d233610e4e6cc3b4fc899.jpg,22211
img5-317-_png.rf.db74e2f345356ced6c6f5644c0235c3a.jpg,31211
img5-32-_png.rf.6f31055c039dc9c81ad322f42cbe68bb.jpg,13333
img5-321-_png.rf.22cb8d4bcd4aaae49795f6899edbef8a.jpg,23311
img5-323-_png.rf.21751ca2044f182fbbd4a495a948e6b4.jpg,33321
img5-325-_png.rf.6c6f58b39d9c4ebae30023ae6a2e8e07.jpg,12321
img5-327-_png.rf.bec584383abf9cf686f4b6ecb751e532.jpg,22121
img5-329-_png.rf.73b451b48549326367da2310ba131fb9.jpg,31121
img5-33-_png.rf.e8a21473e8b55ae69a5d9a1a04b5dbdf.jpg,33333
img5-331-_png.rf.7a11e96821460efd530ca144e443b5af.jpg,21121
img5-333-_png.rf.6dbdf368b9053311ac7316dbee2acef7.jpg,33121
img5-335-_png.rf.52ee6258a15118d61633e0fce208c001.jpg,13221
img5-337-_png.rf.3200bfb340a12d2719b8bde814fb4a5f.jpg,22221
img5-339-_png.rf.5173c93b1e01807dbc0e6b2915377e3d.jpg,12223
img5-341-_png.rf.54a119fe0ea4ea394de983cb7069bcfe.jpg,33223
img5-343-_png.rf.6d037111c5ee41f9a4fa1154b4440863.jpg,23123
img5-345-_png.rf.374d90e236d3425df3f12aa3aa2aaa99.jpg,11123
img5-349-_png.rf.5506896387eb83ac496edcf13cb41563.jpg,22133
img5-35-_png.rf.3bfd641d1bfb1a137f9ecdbe0fa3edd6.jpg,32111
img5-351-_png.rf.88ae5edcdc4561ffed2c55942c58c582.jpg,13133
img5-353-_png.rf.e14858063244819fa1667bc38a308985.jpg,21133
img5-355-_png.rf.192b131cd596ffb25646fe21ae780c1c.jpg,32133
img5-367-_png.rf.13543e79c725a7b65a24885d3d3e056f.jpg,22111
img5-369-_png.rf.ea6b50e93e1a06e77fcbf70f4e7977f3.jpg,32311
img5-37-_png.rf.f966ac44ba31e221a60db76a3252d642.jpg,22311
img5-371-_png.rf.03773514dcb1cd04c2978e84ba316f1f.jpg,21311
img5-375-_png.rf.17f278cc1125aae1bd520900f300a9ce.jpg,33321
img5-379-_png.rf.90503730608c4d1ca0570ac277729db1.jpg,21321
img5-381-_png.rf.01100431d8e5159ba610f31cc9a4657b.jpg,11221
img5-383-_png.rf.8ba230efc6f7fdb4ea73eeb0cee8b154.jpg,31221
img5-389-_png.rf.60f585f26867005b22fecf6507de4d04.jpg,12223
img5-39-_png.rf.e254ecf8949992df9e48040e74d9104e.jpg,12311
img5-391-_png.rf.88c22147b5ebfb5b0e03b753ba783a1d.jpg,23223
img5-393-_png.rf.30b9ca3813bf96b1ddd928f2e586916d.jpg,33123
img5-40-_png.rf.341eacb0db4dece78b4bd089dd8fe2fd.jpg,13311
img5-401-_png.rf.e6ec47932b474e41ccd4064c55ed6137.jpg,11133
img5-407-_png.rf.0cf3034ba55d3ea99a71ee757f0fe29c.jpg,22133
img5-409-_png.rf.76a4ded9f47566c67e2b39e77e74ee71.jpg,32333
img5-41-_png.rf.70d684cee127677194a2f85ba159cccd.jpg,33311
img5-411-_png.rf.0ae4f7e8769f84e12de6dab94e0dd95b.jpg,13333
img5-413-_png.rf.bc608db008e52430725d29836721d244.jpg,33333
img5-415-_png.rf.15a9fa89fe2dc2ab8a0e23e31f4a196f.jpg,23111
img5-417-_png.rf.f31bb8db447d9dc8d4e00b2038fbe2b3.jpg,33111
img5-419-_png.rf.5cc0c1171bf62ee321666d36915b7a2b.jpg,13211
img5-421-_png.rf.52ad790453e9cb116d9d3bae560a6c2e.jpg,32211
img5-425-_png.rf.4bf38ee66dd6de9cff7c494aea2588db.jpg,22231
img5-427-_png.rf.7b7501d1f85f3fea9c6cbdc792270da9.jpg,31231
img5-43-_png.rf.3be0b200acd0c21d3dd87d43e39e8d58.jpg,23321
img5-431-_png.rf.00356bf4d75be2084568f6622e817ec4.jpg,21331
img5-433-_png.rf.f70ddb6c522dd284aa665873ba45b039.jpg,32331
img5-435-_png.rf.be2c077a09f42c2fa326fdfc0696289a.jpg,22331
img5-437-_png.rf.812a4085672822a927a2872b5c0ce051.jpg,12131
img5-443-_png.rf.36df4fc67836a8fd3d5aa2fe48b82a21.jpg,12231
img5-445-_png.rf.dd807b855ebbaa5993aacc3ec5776edd.jpg,12231
img5-447-_png.rf.a08511f1c57f13fe231141a3bca01117.jpg,33231
img5-449-_png.rf.dda2e98d2618e91260d7b379ae1cfb94.jpg,23131
img5-45-_png.rf.ead4ba0c9aa1389884b5b9402252bd5b.jpg,11321
img5-451-_png.rf.d816432db370b3c5c6e76d579a177b27.jpg,31131
img5-453-_png.rf.616ed06b0be7b0b07261c9abed327ceb.jpg,22131
img5-457-_png.rf.d2b62bd6f821a9467e6884c912255fc2.jpg,33331
img5-459-_png.rf.17a9584db2079e16cf291f319626e880.jpg,12331
img5-461-_png.rf.f34074eb39612770cd64709acc825ec7.jpg,22131
img5-463-_png.rf.8deb4f419bf48595e8f6512491df8087.jpg,31131
img5-467-_png.rf.8e69a6345f2e804fd89c8576261b790f.jpg,33231
img5-469-_png.rf.859cc490559f57823e9034160e36d0a8.jpg,21231
img5-471-_png.rf.6eccdb6f881f3ab5a88df44a62456809.jpg,11331
img5-473-_png.rf.bc1a4ab770698fe07de418832ac98246.jpg,32331
img5-477-_png.rf.5a6ecbfea25995c2a31fa0b2842e6645.jpg,11331
img5-479-_png.rf.01bb07ef843d994c0be3023ce68b9b6f.jpg,21231
img5-48-_png.rf.3c73c1397f715a57973bcec7559e275a.jpg,23221
img5-481-_png.rf.3e9d3440be538c79282fff7eb0b8c47f.jpg,21231
img5-483-_png.rf.877c7d2dc086d035b8066cea0ea4c9bf.jpg,11331
img5-485-_png.rf.e5b3c1e9cd6bb6ab289f4bd72c2fef20.jpg,23331
img5-487-_png.rf.3fd1afecb6fe74333e84182d64bb9e90.jpg,33332
img5-489-_png.rf.d0574aac9a4b3ebaaa94495878570408.jpg,12332
img5-49-_png.rf.3483e0b6587dd29592962435cfb99c01.jpg,13221
img5-491-_png.rf.7d242220b420cf794b4d75c4fcc113eb.jpg,22132
img5-493-_png.rf.123a5fb92c7bbaddf2fff96c72fc8a13.jpg,31132
img5-495-_png.rf.1582471a1a1b173aa327a6a6d04fef3b.jpg,11122
img5-497-_png.rf.c7802012af8826c3930a6e0b8f77a714.jpg,32122
img5-499-_png.rf.0340c13aa7554e924c7a07c6c2c170bb.jpg,22322
img5-5-_png.rf.136cc42876b4801df919b5512b75db7b.jpg,22311
img5-501-_png.rf.5a363f4b641f7f0a5a52a83916d5e81d.jpg,13322
img5-503-_png.rf.5a6c1341d6912605b0ccec0299d3baac.jpg,33312
img5-505-_png.rf.e1f49dd93f5788438a441e669809728e.jpg,21312
img5-507-_png.rf.d1110f7f3aad96d9b3e68d1d38ad657d.jpg,11212
img5-509-_png.rf.08c9add2bdf0512da905d69c3ac424ad.jpg,21212
img5-51-_png.rf.1e4467b9f33e2cc9c98bd76f9d53465c.jpg,22221
img5-511-_png.rf.234f0f4cbccb644fa6afb8cf335bca3c.jpg,33212
img5-513-_png.rf.d14364e8d0b4789f946ae04dfd8e9b32.jpg,23112
img5-515-_png.rf.9386d3fce4682247b87253171d946366.jpg,11112
img5-517-_png.rf.63b717135ce67bf8d1346d948405c6ab.jpg,21113
img5-519-_png.rf.58f82d450bcad6c8a91daef0bda64096.jpg,33113
img5-521-_png.rf.28b119328a5f66e31b7bd1f682d3611d.jpg,13213
img5-523-_png.rf.68686a06cc599d547650b242bd81553f.jpg,32213
img5-527-_png.rf.b007cb84e35891834581715180a27133.jpg,13233
img5-529-_png.rf.90ff47032bc4d261677f222e85f75057.jpg,23233
img5-53-_png.rf.3eb9c9eca35e54f5e3ce99e0ce53115b.jpg,32223
img5-533-_png.rf.9212a13b26c679ee9b599d92f3e95dd3.jpg,31233
img5-539-_png.rf.04a0c8d6ca0cbe8c63d7d8accb636240.jpg,13333
img5-555-_png.rf.a687f7b91ad3e4900a688ee2da086310.jpg,23331
img5-557-_png.rf.5962c06cf8943dc3b087e2bc07ba21bc.jpg,13331
img5-559-_png.rf.e66f90c4b511e51cc58fe7beec8ca39b.jpg,22331
img5-56-_png.rf.4b407fb4c166f718bffe8d7b87a6348a.jpg,11323
img5-561-_png.rf.654822755ead62446603aa06b873104b.jpg,32131
img5-563-_png.rf.c16788edcda365df929a7f88f895a227.jpg,11131
img5-565-_png.rf.69a6b591a7fded26d67d96ffa199f45b.jpg,21121
img5-567-_png.rf.1c2cb9650e7b8fdaae34bc3a664e3387.jpg,33121
img5-569-_png.rf.902e1e1d0c15b9dae0c68137d20db325.jpg,23221
img5-57-_png.rf.5bb601aebdd2da3bb228a3ba43b82003.jpg,11223
img5-571-_png.rf.64a8841ae7dc8b22add6edff512cc50d.jpg,23221
img5-573-_png.rf.53c6e0754e36984a7156d81533851f95.jpg,23221
img5-575-_png.rf.bb82143f4f80d622a419b48d0f345d8d.jpg,12221
img5-577-_png.rf.7686763f311368ec16d111f0cf38cb00.jpg,22223
img5-579-_png.rf.b325f110ded9e0925a84cb07e04f7a84.jpg,31223
img5-581-_png.rf.3eab2dbc80e276091961448e29ddd736.jpg,11223
img5-583-_png.rf.b2c399e7e18da283722cfd35f7cb05fe.jpg,21323
img5-585-_png.rf.70187b38dbb8a5dd66008930cf394da2.jpg,32323
img5-587-_png.rf.e8085984e361cd4ac8e555bb8f2f18c1.jpg,12323
img5-591-_png.rf.b326b640774dcc7a4d3957456f177d02.jpg,31323
img5-593-_png.rf.5a82710cde31cfbb908315c9181b7c72.jpg,31323
img5-595-_png.rf.1b0549717dac55f98d3544c1dc37f75c.jpg,22323
img5-597-_png.rf.c69513cdc23585173d6c71ce098f4940.jpg,32123
img5-599-_png.rf.f3e3871a748d04ca6cd5143de11bc760.jpg,32123
img5-61-_png.rf.f4833b08aaac447031f2b7b6d91dfbb9.jpg,13223
img5-611-_png.rf.e1eccfb8f04443bfb6a45a4627390601.jpg,13333
img5-613-_png.rf.9913c942f3dbc9d648e99e254e81e8f8.jpg,33333
img5-64-_png.rf.9ebed7941eee04e3048f4205d4c85187.jpg,23123
img5-65-_png.rf.5822da91f67ef39e2bf3dad9caafea07.jpg,21123
img5-67-_png.rf.b710a16c076b28a6d2a766bd925cc576.jpg,11133
img5-69-_png.rf.448939c29ad0b63f2430bd2b1f662b19.jpg,23133
img5-71-_png.rf.c47153977aa32010f0ceeb78e6190da8.jpg,33233
img5-72-_png.rf.619c3f92ffd393aeb4ebbf1e0aa6bcff.jpg,23233
img5-73-_png.rf.0bb913945120833105897482a3a95072.jpg,21233
img5-75-_png.rf.57b7f6ce75cc65b68824ae875a5967a2.jpg,32233
img5-77-_png.rf.24e40193f39a59334ee05e8f0fd957b9.jpg,13233
img5-79-_png.rf.48df1ed677d8ba60f4d94aa5ed575807.jpg,23233
img5-8-_png.rf.88a2e6087b99b8b4e181f3a77fac4533.jpg,33311
img5-80-_png.rf.1bd5af940b1eb45c3204ee5b11d6cb9a.jpg,21233
img5-81-_png.rf.e57889eadc79f605d61233d3595e853c.jpg,11233
img5-85-_png.rf.81fca4cd3a6c909b82f6b43ccd26e823.jpg,33333
img5-87-_png.rf.776a6b9c3cae41559803200da25fe2d5.jpg,32111
img5-88-_png.rf.e9254c88b5212cf02f98ef7cc7377169.jpg,22111
img5-89-_png.rf.0d2827fd3ab951de2d0d415da9f7d143.jpg,22311
img5-91-_png.rf.271382297d702a4a1b04632bc3cf86f6.jpg,31311
img5-93-_png.rf.2364ca209bb187111d0eb3fe840cec34.jpg,23311
img5-95-_png.rf.fcd3b1898bfd40ccb5e62ad1bfdf4ebb.jpg,33321
img5-96-_png.rf.1d1729fde262acd6630ec81ffd5dfd23.jpg,23321
img5-99-_png.rf.97beddbc0f76bbeec5dc5d31341c770b.jpg,11321
img6-1-_png.rf.2abdd730b239e7ad226cae88910df93d.jpg,333333
img6-10-_png.rf.9204381ea57d6c1f19e211f8cdfb0a41.jpg,312111
img6-101-_png.rf.95c919f98bbf1d3474c2155355e7b206.jpg,312223
img6-102-_png.rf.f640f67ecef51652e37a254af86f1f06.jpg,112223
img6-103-_png.rf.7da5cf4933349f70aa92c4131643e7cc.jpg,113223
img6-105-_png.rf.7cedcbe2bcee1f01e50f6237e2febae6.jpg,233223
img6-106-_png.rf.1e6fdeb39b80510cc28427522f0a894a.jpg,333223
img6-107-_png.rf.9562f1a837cf2a67a6eca6eda5ef6196.jpg,333123
img6-109-_png.rf.71b041c286ca67c236cb8e96ec8485e4.jpg,133123
img6-11-_png.rf.5b7a436083e6d411c43f8d38efc44b43.jpg,322111
img6-111-_png.rf.aac0e6ae7d3d9d085d15b2abc1a3c23e.jpg,223123
img6-113-_png.rf.dbe596a4b367e07915973ce56c0c1488.jpg,321123
img6-114-_png.rf.da4d7696c74658d8587cd76511a60da1.jpg,311123
img6-115-_png.rf.2ca82671ed283fee8ba396386b3e7797.jpg,111123
img6-117-_png.rf.c259162d70f14bcb65dff884151ded80.jpg,211133
img6-119-_png.rf.7f5afa1c8f2cfa39bd78b88a31a2e49a.jpg,321133
img6-121-_png.rf.f2873b02d73f6e58f45c26001a5d2a86.jpg,223133
img6-125-_png.rf.b9f0bf9ee2c39e02695a44fa58b043a0.jpg,213133
img6-127-_png.rf.c93e75aafbe9fe3349a63021330a99e1.jpg,112133
img6-129-_png.rf.ec04620d62708142208c08e4f2c164ed.jpg,322133
img6-135-_png.rf.0c907a0957e4ab2dfe056cb4d1d67450.jpg,212333
img6-139-_png.rf.ce773a63f7b2ebe193155a6f37f04642.jpg,213333
img6-141-_png.rf.70ec7e7e1ae82cfb08768ee39d121ebd.jpg,133333
img6-143-_png.rf.6c1c5ba823f8e6193b0e1ed00a3bea00.jpg,133333
img6-145-_png.rf.56bc25fa07e780fa7d9da888b9c8d7c5.jpg,211111
img6-147-_png.rf.48c4f5971a4af60ffd8f17f503a6b3ba.jpg,131111
img6-15-_png.rf.2a3d33f6acf45a9a589ecd3e8b9a187b.jpg,122311
img6-151-_png.rf.6fe2c1c84c91a47ea11770fcdddbab73.jpg,212111
img6-153-_png.rf.3d97f140ff3199abeebbfe98c8269636.jpg,112111
img6-155-_png.rf.38de53cba2152b5b4f515a87ae7bb2be.jpg,313111
img6-161-_png.rf.c971566c36581f7d6fdf51736d1df8a1.jpg,233211
img6-165-_png.rf.c6b897baa67f649138eeaa70a031f140.jpg,313211
img6-167-_png.rf.81f9c009bb12c847359f93d4048b8358.jpg,223211
img6-177-_png.rf.201aba91732457fba80ef1c7a7695d47.jpg,112211
img6-181-_png.rf.aa80a0c8fe06472d1410e52929dbe491.jpg,132211
img6-183-_png.rf.7f1a341b7c963d698548b759e85999a3.jpg,322211
img6-185-_png.rf.ec8780793b5a38d8884a570bc8b4e95d.jpg,222231
img6-187-_png.rf.8d66b8ba0961f67e4af36855de5820e7.jpg,122231
img6-189-_png.rf.24096819ed4bf80ce7a4d2d1066bb28e.jpg,332231
img6-19-_png.rf.9ead964429e5d8cd54d3aff21344e671.jpg,212311
img6-191-_png.rf.3b4684ccd6f4a69b6c2b7f785c58f48a.jpg,212231
img6-199-_png.rf.bbb454e28ddb43c507874511cb02d56d.jpg,113231
img6-2-_png.rf.9f4c864ae1499c9367a6b65d8ecaeb19.jpg,231111
img6-201-_png.rf.187bcd2d4b1e0a36154bfd88cdce7d08.jpg,212231
img6-203-_png.rf.87dc1fe9fc2b44790277073492f60ed0.jpg,212231
img6-205-_png.rf.930d0510abfa6c70f971fddef215c742.jpg,132231
img6-207-_png.rf.16306dd9c79a25d3b7594b0debdba814.jpg,331231
img6-209-_png.rf.ce79e719758476efb643fc16376b5b24.jpg,131231
img6-211-_png.rf.7ad0a7617648ec6784dbd0d383db82c5.jpg,211231
img6-213-_png.rf.42fadb59a7fba109d339189249713541.jpg,111331
img6-215-_png.rf.15cb933051b4ee3019a70d4b2eeab9f7.jpg,311331
img6-217-_png.rf.db38287d0d6330cd36976e06d7af091e.jpg,221331
img6-22-_png.rf.2988ed9c8e7a0f5148ac53ee5094dbd0.jpg,213311
img6-223-_png.rf.70d66339139bfe599a92da704588e096.jpg,133331
img6-225-_png.rf.5522c3ae5b0d519f54145d2cb920c5f4.jpg,223331
img6-227-_png.rf.95323c2cc51007c389d653965f9a7df6.jpg,321331
img6-229-_png.rf.482264729b3d579a4b8610ceb2a1b1d7.jpg,131331
img6-23-_png.rf.8c2303a6f1950e51203c6e71cb5bc7a6.jpg,233311
img6-233-_png.rf.7c086d2ed05b582e7d8aa8a42f2cd314.jpg,232331
img6-237-_png.rf.42b08520687de486c5afd90572a43796.jpg,322331
img6-239-_png.rf.748668a644e39123865eae9c38153690.jpg,222131
img6-243-_png.rf.c2d5cc02f7cd7da26607a0ad892515cc.jpg,232131
img6-249-_png.rf.e7585cd2b0f9f1b5525288d8cd3f6ce4.jpg,132131
img6-25-_png.rf.acddbb52cd43e5fde038edfffdd98e0c.jpg,333311
img6-251-_png.rf.5cf8037af2318aa37dbb7b95b6c8a1a7.jpg,331131
img6-253-_png.rf.5509424f0d85de32ceb8a7a2d3c15a36.jpg,211131
img6-255-_png.rf.e9a1e15284d86f6287f9d2af3cb5d215.jpg,111121
img6-257-_png.rf.9723fc9c112e98bd7e66abb4004d1415.jpg,211121
img6-259-_png.rf.fc944cb7e671b9b5a4c597da16d59a3d.jpg,131121
img6-26-_png.rf.f0c01f14ff9ced8887d52d04183bc160.jpg,333321
img6-261-_png.rf.a00ce916c3b34e32121da3a2fe35b22e.jpg,332121
img6-265-_png.rf.210f2cbf123fdcda65871dd7618c2e94.jpg,222321
img6-267-_png.rf.ead746710a20f00b812cb4a42860cf30.jpg,312321
img6-269-_png.rf.af2a438357f00165a9ac5056a8161856.jpg,113321
img6-27-_png.rf.19e75d2f386495bbf3bcd685de46ec3b.jpg,233321
img6-271-_png.rf.146d6fbd625f62eea17a6bd057f4172f.jpg,323321
img6-275-_png.rf.a5a7045787eca822b1d53e97850a8e62.jpg,131321
img6-277-_png.rf.95b55c07cea1dae01129f886699a2388.jpg,211321
img6-279-_png.rf.7a30afbf097d6838736f4d453168dcac.jpg,111221
img6-283-_png.rf.c766bcf17216032692703d49377bbb83.jpg,231221
img6-285-_png.rf.5219eacf84c7a2be7b1fe3ee8fb7e998.jpg,332221
img6-287-_png.rf.8714aed4734656af5e09beb42d3b13ef.jpg,132221
img6-29-_png.rf.30b1f0c46ca4e6a01cdf0d84cee24b9c.jpg,313321
img6-291-_png.rf.f9972876052bf8de90dc3a90c002c39c.jpg,222223
img6-293-_png.rf.36f40a58da791dded29ae0dfaba9fbdc.jpg,122223
img6-295-_png.rf.148d154aec8b6e6a8683646283c86857.jpg,332223
img6-297-_png.rf.420b8ba982a4cd38490592643774bc8d.jpg,231223
img6-299-_png.rf.f952f66ea324221830f1a20b173b601d.jpg,311223
img6-3-_png.rf.36b35b4c0579c83fc3f4e960024afe53.jpg,131111
img6-301-_png.rf.9f7afe91acb9dcbd322c4635af8012da.jpg,111323
img6-303-_png.rf.3736f319da7464e942bb6c2da7976dc1.jpg,311323
img6-309-_png.rf.d0340339fc564545c429fa55f3525075.jpg,121223
img6-31-_png.rf.f0532f67783ca99e6d0ac18d68b106c2.jpg,112321
img6-311-_png.rf.bc7cce3bb588d21a57ae9a259447c116.jpg,223223
img6-313-_png.rf.6da73bdf16b2877dae848a95a5abd364.jpg,123223
img6-315-_png.rf.355b062cc6a673019326abcb2b695e7d.jpg,313223
img6-317-_png.rf.74d8eaa705a7f4ce17ae4356b63de781.jpg,213223
img6-319-_png.rf.79bfeda3a74c48ab89f6aa523b73865f.jpg,333223
img6-321-_png.rf.96bd6b54c9f8835f4869208fa7022680.jpg,233123
img6-323-_png.rf.7fc567e12cb1802eb26df1b82c49915b.jpg,123123
img6-325-_png.rf.56a85afcda35ac14a64e41ace4374ccb.jpg,313123
img6-327-_png.rf.b7c27b13727499f48ee97de21a5e3cfd.jpg,113123
img6-329-_png.rf.ca234e207e1cecc07339a441599e4125.jpg,212123
img6-33-_png.rf.c5fa41952886b99dcfc49916b08404c6.jpg,232321
img6-331-_png.rf.cdaaa44cad4008712b2717e548db7367.jpg,212123
img6-333-_png.rf.abd6d34415f29d99ac619d3f6959d0c9.jpg,132123
img6-335-_png.rf.6382c6af8ca8232f4ac9a5ebc837d790.jpg,332123
img6-339-_png.rf.1a7723871767154c4b1fef8d0b104727.jpg,211123
img6-34-_png.rf.4efad617e5af1f55b1587fa96d268d9c.jpg,132321
img6-341-_png.rf.20f2c505e71febfa7b0d4a3b26e9ba66.jpg,111123
img6-345-_png.rf.d57ff6c684fbe8a28af1f46712528e98.jpg,321133
img6-347-_png.rf.5387204af4f871ed921e1b7ee02b7937.jpg,221133
img6-349-_png.rf.7c88ccc796a4162b924cd6172ab987d5.jpg,323133
img6-35-_png.rf.54b0fbefe520592252e987363aa17e38.jpg,122321
img6-351-_png.rf.535ce2f7ec024c5646420b437506848c.jpg,133133
img6-357-_png.rf.3bd5ceb9d6629ed881ef24805450bcbb.jpg,313233
img6-359-_png.rf.97edf8ab8428e91ccaaf346a906d5828.jpg,123233
img6-361-_png.rf.ee97302e5f77cfcf8c17fc187a811dfe.jpg,133233
img6-363-_png.rf.dab8961ab89328277060b3924af615c8.jpg,233233
img6-365-_png.rf.ba1cd6699e26979cdb0652ac9583ec4c.jpg,113233
img6-367-_png.rf.9f20b2c93ad8616a1a55cf7dd633439b.jpg,212233
img6-369-_png.rf.70f20b3ff2cad36a0bfbd85259e60279.jpg,332233
img6-37-_png.rf.12101a9bc705669ea8d0acfb875fa161.jpg,312321
img6-371-_png.rf.c05387be4bbea6e9874491595f89d9af.jpg,231233
img6-373-_png.rf.ed9f1d6b81dbfefa4d10131cfbe90738.jpg,111233
img6-375-_png.rf.ec77a0840d5c6533f16abbf75bd1f58e.jpg,111233
img6-379-_png.rf.38359e55315bf273084f05fe92ed3072.jpg,321333
img6-381-_png.rf.c92444dc2d807475b9635bb28a0d1c4a.jpg,121333
img6-385-_png.rf.f60d738045a05b7688c3061a35528544.jpg,231333
img6-387-_png.rf.38c79cbc845992ec2840258c3bc477d1.jpg,231333
img6-39-_png.rf.4a6eefb5c7f837d9f8e1f58ebe1d0c4b.jpg,113321
img6-391-_png.rf.09fb870851fff93f23125762300e8875.jpg,223333
img6-393-_png.rf.4995a97086f5e745399de42d4d8b38f1.jpg,123333
img6-395-_png.rf.9d477c10decf1abedb8ef94944df0a0d.jpg,233333
img6-399-_png.rf.c72ba38be8e88b2272a77e0f2000207d.jpg,331111
img6-401-_png.rf.5d50efbc99a254e40dcc3c7d4b2b0219.jpg,132111
img6-403-_png.rf.324109afd5e478e55bc0392ef23e16a0.jpg,222111
img6-405-_png.rf.779fee68043decc7ba991955d7143ecf.jpg,122311
img6-407-_png.rf.5e0e2d8b9ceceb65eba6c94f5e9543df.jpg,332311
img6-409-_png.rf.782852ef6bd2badee2bada96df235064.jpg,131311
img6-41-_png.rf.01b9db3dcbe202d8d54125c5971b7bed.jpg,233321
img6-413-_png.rf.e88259da022e1da7bbf5f00a34e9dc29.jpg,123311
img6-415-_png.rf.d157fff74427d2e602afdd08d484c38e.jpg,333311
img6-417-_png.rf.0ec7accc59751285f0a932ea5b64e3bb.jpg,233321
img6-423-_png.rf.bc60006f8355a9526585d93b44d57bf2.jpg,123321
img6-425-_png.rf.c40632859f0d7b32ff963ec415ce22c6.jpg,223321
img6-427-_png.rf.e8f4232c493678fbb57ca3b58680411a.jpg,321321
img6-429-_png.rf.ee26baa8602b1b22f0a834f8a3f5a2a0.jpg,111321
img6-43-_png.rf.e07a1c68ca77e024b4f762de8d34082b.jpg,123321
img6-431-_png.rf.2fb35d0c8f5eac7879781a5f561e308e.jpg,211221
img6-433-_png.rf.e1cf56b5ea1966e386dc1ada0377e691.jpg,331221
img6-437-_png.rf.1435937749a87a2cbac8324dbeaf23bd.jpg,222221
img6-439-_png.rf.1d971b50d4f2b4c867b9f637c416279d.jpg,122223
img6-443-_png.rf.9d1668ccd4d4b1bf2705fcf71877f8a6.jpg,232223
img6-445-_png.rf.c597d42c0334bce2c92fe11761dfd635.jpg,232223
img6-447-_png.rf.b0e6a517be0b84ca20d11981246c6bc9.jpg,112223
img6-449-_png.rf.3fc10aeffe1635aed1a929f99ede6b22.jpg,213223
img6-45-_png.rf.77b202dd60e8d95b47189ee3eef8d5f7.jpg,221321
img6-451-_png.rf.5bdabb5d09fcc55dd5e480bc67dfa83b.jpg,333223
img6-455-_png.rf.be1b8828e8623236042b226129208b7c.jpg,123123
img6-461-_png.rf.f70dcd94f29485f817edf7859685204c.jpg,111123
img6-467-_png.rf.d832031c95f5b7a530d48d5ed6df8be1.jpg,321133
img6-469-_png.rf.f330aac6870c96c96bd69c76eb76b7b6.jpg,131133
img6-47-_png.rf.ebc34d610d56abb50389a44e06b68731.jpg,311321
img6-473-_png.rf.61b8af969b04d650d1bbe09e02a53cc9.jpg,132133
img6-475-_png.rf.ef48a135564428f75e97d14b206df682.jpg,322133
img6-479-_png.rf.c85be68f6e91a8edec2307eaac12df88.jpg,132333
img6-481-_png.rf.a06a223ec10f7724c7cc7cdb056054d8.jpg,212333
img6-483-_png.rf.2ca6d64a31ff362b0c7527a8c5343762.jpg,112333
img6-485-_png.rf.3b7bfff8df7f4c0591e5cd4c8fc46a5c.jpg,213333
img6-489-_png.rf.5c488ec2d2e5a86c87ccaa6d1a0a3174.jpg,313333
img6-49-_png.rf.52d999c2909eea89ac839a21d056c904.jpg,111321
img6-495-_png.rf.cd18d61328ec6cb84c5845fa7ba6af9b.jpg,333333
img6-497-_png.rf.4c3cb0b3b89ba842c4bba3f35a11067e.jpg,311111
img6-499-_png.rf.eb82f422afb4ce50edd9214698c62b19.jpg,121111
img6-5-_png.rf.15cdede672ce88a6d1f9404a66c1d5f3.jpg,332111
img6-50-_png.rf.dc8aa0198ee09674927432f9dbbb614c.jpg,111221
img6-501-_png.rf.b1adca7889d2c92d6f38ac26aa59989f.jpg,121111
img6-505-_png.rf.10cb969525592b3ffeae390f82adf214.jpg,232111
img6-507-_png.rf.6d2a35040d5ba04d90c1416fcf4abef4.jpg,122111
img6-51-_png.rf.fef37bc906f0fec73d54a64c245e0ae4.jpg,311221
img6-511-_png.rf.bbd08b4942231622db26a585897e2183.jpg,312111
img6-513-_png.rf.4a97f05e48039d2b98f917e3578ab0d4.jpg,113111
img6-515-_png.rf.2399864fbc76e220441b514ff24aa8aa.jpg,233111
img6-517-_png.rf.14b7b9c9ed22563137cadc189af7e711.jpg,333211
img6-519-_png.rf.40183df0703605aec0f6d3b6d8e9817f.jpg,133211
img6-521-_png.rf.703cbcfb59616dca68025dc5989dfba7.jpg,223211
img6-523-_png.rf.b3feecccb96efebcdc5255e6620d5eb5.jpg,321211
img6-525-_png.rf.f0585f7cd1157ce8f8e6eba4003fce7b.jpg,111211
img6-527-_png.rf.c1bd4a149c202bd504c3a982516abaa2.jpg,211311
img6-53-_png.rf.5fe2b246ff493b2d89213172244aafa7.jpg,221221
img6-533-_png.rf.27e712c0a0e3c64ba7675b1f68fb50bc.jpg,223311
img6-537-_png.rf.49888086e3feea11475f5500077148a4.jpg,333311
img6-539-_png.rf.21ebea373bf524dbf97b008b2c43c122.jpg,213311
img6-54-_png.rf.de3e03bbc8778cd5a37a98aedf2dab8d.jpg,223221
img6-543-_png.rf.495f86a377f01c2c989eda75fd8fa2c7.jpg,232311
img6-545-_png.rf.f497579b79f7e28ebed193188a47f07e.jpg,112311
img6-547-_png.rf.4d017055349b09119be0e3d73d9c07ef.jpg,213311
img6-549-_png.rf.7d0010b45ea3ddbacf4f642c12ea14ce.jpg,323311
img6-55-_png.rf.09cbb3538fef7764b3237e5ffb11d96f.jpg,323221
img6-553-_png.rf.38494788e5b65900e6c906619108cd40.jpg,333311
img6-555-_png.rf.b0103d865a7c8dbb31d3382afdb26c84.jpg,233321
img6-557-_png.rf.3eb771c7185aa5685d25e05cc8ac59a0.jpg,123321
img6-561-_png.rf.4ad63c697cef374cee4c9c7cb111aa20.jpg,113321
img6-563-_png.rf.113a39d729f1609c64339452895a84fe.jpg,212321
img6-565-_png.rf.b9a1d9885c0b9dcbdad39b2541faa546.jpg,322321
img6-567-_png.rf.df1ca55f31fa99490c6aa859a54cec27.jpg,122321
img6-569-_png.rf.de2a6a710e985b97e5376fae9b45280e.jpg,332321
img6-57-_png.rf.7dcfb9f7919b770feaec5d5268f5a2c2.jpg,113221
img6-571-_png.rf.a0a39437d540f09346a01049690c806c.jpg,231321
img6-573-_png.rf.83e9e84d52ab3e9ad0c9bb2e9d4b7524.jpg,121321
img6-575-_png.rf.c96cd0962821054fe46a19f1465714a0.jpg,311321
img6-577-_png.rf.6fe4e45ae18bb9e541d25f3d9219d115.jpg,111321
img6-58-_png.rf.4d029204e0120ed5d5daecd162c9d13c.jpg,112221
img6-581-_png.rf.42b46b660031c89f2a51f3956e140ac1.jpg,211221
img6-583-_png.rf.a4a641dde759f602839abec8d58d1742.jpg,331221
img6-585-_png.rf.b6de69605de3dfd43cd63377efca62b1.jpg,232221
img6-589-_png.rf.074684a462d6ec6075c82747b0a9d879.jpg,222223
img6-59-_png.rf.d7a8bc6ab040e2002b9fffd98ec13339.jpg,212221
img6-591-_png.rf.62b418c9eff49744df14da20724694ba.jpg,322223
img6-593-_png.rf.08a60026a98448691466c44179d24fc4.jpg,132223
img6-595-_png.rf.9de9889e4c5b71b155f2618a800578f8.jpg,331223
img6-597-_png.rf.731998c3424cf164183a6f458f07610d.jpg,211223
img6-599-_png.rf.027988847aeca5dabb9bce19144b24c4.jpg,111323
img6-6-_png.rf.e479107f1342f538f9904e420ef168c6.jpg,232111
img6-601-_png.rf.d19e2ac6dbc35fac3920c17962b8f04e.jpg,321323
img6-603-_png.rf.b4c3324783fa42285fde564fa7cac83e.jpg,321323
img6-605-_png.rf.a9cecd8d4033231cb285d0a083b1746b.jpg,223323
img6-607-_png.rf.3e4f64c316ef167adccb71cfe0f2a95e.jpg,133323
img6-609-_png.rf.29ea57ea1caf5b3418ecda128dc35a8c.jpg,213323
img6-61-_png.rf.9cdd6496424af2382ab9bdd49cf6fea4.jpg,132221
img6-613-_png.rf.ebff153f19ad121222be482424c392b2.jpg,232323
img6-615-_png.rf.4e506f7a6c1331ce9bb3ec151886a6e0.jpg,331323
img6-617-_png.rf.1c5ca58c7c016a2616038633462adda5.jpg,211323
img6-619-_png.rf.f1e88e2454fc74d1f4fd8c21ee525f26.jpg,111223
img6-623-_png.rf.92b3b8f09840036935a2f035223fcb96.jpg,332223
img6-625-_png.rf.c06968269c13062fd02a1dff4e37d3ae.jpg,212223
img6-627-_png.rf.0e867209bbe332ef8aa474ee6c174054.jpg,113223
img6-629-_png.rf.0913326d066e8edc009745f2bf579bc9.jpg,233223
img6-63-_png.rf.bd811e4f0faf3047af75e76cb35c912e.jpg,132221
img6-631-_png.rf.89a5d2a7a7b5ebb8e0afcfe5b45407a3.jpg,333123
img6-633-_png.rf.a96fd319a2d7229a6202ec1d38216708.jpg,213123
img6-635-_png.rf.de26da5a72df2d83acf17c87e5f4063c.jpg,112123
img6-641-_png.rf.d36d36177c17beeae7dba52c4cbafe91.jpg,131123
img6-643-_png.rf.7b72fbc5691ba0b1b6fc7aeef30150ba.jpg,221123
img6-645-_png.rf.391c295797c6fa3ac09c22759cbf0750.jpg,311123
img6-647-_png.rf.dfe626dcb56ee3cd0be868c19f0e564a.jpg,111133
img6-649-_png.rf.f6320fb2a36aef08bf010a3b2e687d69.jpg,231133
img6-65-_png.rf.2eb2e0edc8ba514aa54280a2247a71f1.jpg,222221
img6-651-_png.rf.0cf57f6ec43088fc1b562746579d2f61.jpg,332133
img6-653-_png.rf.92cb5a308eac1fb7a004f1ab341b5730.jpg,212133
img6-655-_png.rf.27b984e0af145f7ad51a1f8d81407d0e.jpg,113133
img6-659-_png.rf.c3cca8d4dfd29d2534c258f811fe9b80.jpg,333233
img6-661-_png.rf.56c51e37e98108b3675c7f19c3fc9410.jpg,123233
img6-663-_png.rf.32f98f1b05733444effc0912acb8d0fc.jpg,221233
img6-665-_png.rf.6d57a5571547f94b646f1b182e4d36e4.jpg,311233
img6-667-_png.rf.282c21ec211188a6405a4748f6a0974f.jpg,111333
img6-669-_png.rf.e4cfed238018b6007818d35e830d64ac.jpg,231333
img6-67-_png.rf.41f89c649e47b7096adb562109fad521.jpg,322223
img6-671-_png.rf.d4d211c39688b702137ade435de61532.jpg,121333
img6-673-_png.rf.214092432a45f801d57d4eeff0dd442a.jpg,223333
img6-675-_png.rf.bb3890f1ab68cded5447327c7365e6c4.jpg,323333
img6-677-_png.rf.08b8e9df5271d6905301f800045d74b0.jpg,221333
img6-679-_png.rf.7741a5102cc929e9d470ef4f86475de7.jpg,221333
img6-681-_png.rf.a17514c2b7a8c1a333e5d3c61cc4e144.jpg,123333
img6-69-_png.rf.2bf5d2f8ea4e09a6a125e34e6a71e04f.jpg,112223
img6-73-_png.rf.1c873aca603d30934481824c585b2943.jpg,223223
img6-74-_png.rf.2981def16f84a6bf61e224c9ab00dc15.jpg,221223
img6-75-_png.rf.1299320bef599613930572fc71e0b415.jpg,321223
img6-77-_png.rf.d01f62ed349da85f56f6445367a94da7.jpg,111223
img6-79-_png.rf.99c33ab4176e673ce32bbd73b036fed8.jpg,211323
img6-81-_png.rf.87e72553c75c461e950e85a5301762af.jpg,331323
img6-82-_png.rf.a91a9ba05d648dcb2755aacce3ffa9ee.jpg,332323
img6-83-_png.rf.fdf20f088c140ceb413c59075acb3910.jpg,232323
img6-85-_png.rf.955879bc38118fb8162849a1f8cf2948.jpg,312323
img6-86-_png.rf.6f8e780c740e51987a98dad4a2ccdc27.jpg,212323
img6-89-_png.rf.ed7f40ec5774a55b5acf249e1fa6c6d5.jpg,331323
img6-9-_png.rf.a4b57fb01dfed718ba7353832a194666.jpg,212111
img6-90-_png.rf.2cef2cf1349a21f0a22a7aa505de79c6.jpg,231323
img6-91-_png.rf.ff7c94c529608dac4a1beeb02b866b08.jpg,211323
img6-93-_png.rf.6bdba784b392c376c68723430fb2f44e.jpg,211223
img6-95-_png.rf.8db9da8921fdbcda725f5423c9aa7980.jpg,211223
img6-97-_png.rf.54e92e164cb2dddd2af0959def74a832.jpg,331223
img6-98-_png.rf.c9ed63e654421ee603677dd69b848846.jpg,332223
img6-99-_png.rf.8d0c4840aad49af131343b693e166779.jpg,232223
img7-1-_png.rf.0a4317be83a42662ba0bb74a09309d4e.jpg,1111111
img7-10-_png.rf.f6d512a59b64b3033db4a3e155f89bb9.jpg,1232111
img7-101-_png.rf.843f930277c14a06c280a36d9bd9f43e.jpg,1333321
img7-102-_png.rf.ebc9ed88c9d0a648f198b6ed5575531b.jpg,2233321
img7-103-_png.rf.1047eb97856b05f60107a172d55c0bf2.jpg,2213321
img7-104-_png.rf.a30f493d2b9690a9c36be2ce2af6413f.jpg,3213321
img7-105-_png.rf.d9a8f33b1752faa3190c952922945478.jpg,3113321
img7-106-_png.rf.2ddba73e0b076b4ae0bcef23b9a9b6e4.jpg,1112321
img7-107-_png.rf.616115021cb1d53cf22c51af31803bf1.jpg,3212321
img7-11-_png.rf.9ea20c54a5e5fa13c422abbb3895950f.jpg,3132111
img7-111-_png.rf.d1f0aa18c88e1a603d4858ec67dc7581.jpg,2222321
img7-112-_png.rf.56e34583d5232617e2ed176351665637.jpg,3222121
img7-113-_png.rf.764b7d5682dbddda007e807efecd88b1.jpg,2222121
img7-114-_png.rf.2786f7a6b29dfffdf23a5bc9694cb2ed.jpg,1222121
img7-115-_png.rf.016e2bfb042d01bdf9783f14a1ca01fe.jpg,1322121
img7-116-_png.rf.4f80e73e9e468ceba568cec7b9efb107.jpg,3322121
img7-117-_png.rf.5bf476cfb752f6638927a42de472c475.jpg,2312121
img7-118-_png.rf.732f973109c4b638fae79b15d6bc19ba.jpg,2112121
img7-119-_png.rf.259b02145631dbb782c710997d8e2371.jpg,1113121
img7-12-_png.rf.7ddd42cefd66f9ec87efed2338692ab5.jpg,1122111
img7-121-_png.rf.1e94042e7e43109e1f6dd95058d2fe3f.jpg,3213121
img7-122-_png.rf.cb89722d8e793e83c485684bd462419b.jpg,2213121
img7-123-_png.rf.306a907765cc3da7274e8609bd5731d5.jpg,1233121
img7-124-_png.rf.68ec98f6af392a11f90e333d50232d4b.jpg,3333221
img7-125-_png.rf.ce36df1285e1048e7ff43d0a6dbe34b7.jpg,1333221
img7-127-_png.rf.0bb1c815e986c5e31763eb7b9487e28c.jpg,3213221
img7-128-_png.rf.3dbb1cd2dc373046507748116c205be1.jpg,3113221
img7-129-_png.rf.e3beb600186dd60f112eb9a393ae8003.jpg,1113221
img7-13-_png.rf.41baa615878e535ef50bd895eb01c918.jpg,3222111
img7-130-_png.rf.efceaf78f07d7aaa615f889040d74d1e.jpg,2112221
img7-131-_png.rf.95da4b11ebf7e475a412663741fea22e.jpg,2312221
img7-132-_png.rf.83753bd208e103b373632d86206cef14.jpg,3312221
img7-133-_png.rf.9410a7edc43db2056762d8ac5cdbe6d1.jpg,3322221
img7-135-_png.rf.b3a58de7db578193d33f113656fa260d.jpg,1222221
img7-136-_png.rf.9cda06b95925f800ddefa01d90f9792d.jpg,2222221
img7-137-_png.rf.b8ffc83602f8af7285206e79862a6db9.jpg,1322223
img7-138-_png.rf.f2310c92055334789cfa00359baf20d4.jpg,3312223
img7-139-_png.rf.0ed3465bd6ca0b9248c6e6db36b4b1ed.jpg,2312223
img7-14-_png.rf.ddea53649e7d833103b2fea6239dfc3f.jpg,2222311
img7-140-_png.rf.db9f1c77d4a4a38554f058a8052be394.jpg,1112223
img7-141-_png.rf.031b8a82ce21b9cd950779c9c1ad4076.jpg,1113223
img7-142-_png.rf.b4a27322803777213135d52715a2d104.jpg,3113223
img7-145-_png.rf.dadf70dd5b2178eab78b1c9ae0daf67c.jpg,3333123
img7-146-_png.rf.53243f9b0fad9299df5e590ded7addce.jpg,2133123
img7-147-_png.rf.7de01a1fb5936465d28e69c7dcef8a26.jpg,1133123
img7-148-_png.rf.821ce9c63f24289fe1f6d4fbf3ad6fe4.jpg,1123123
img7-149-_png.rf.9c909313c010df84a5833f6b655189d8.jpg,3223123
img7-15-_png.rf.5336d44b50c7c0860a4062c48badbf3f.jpg,1322113
img7-150-_png.rf.308b3f7b3796c2f8b1361e90960e74bf.jpg,1321123
img7-151-_png.rf.fde8db3dcf76d54e0dc024c02b5d3295.jpg,3321123
img7-153-_png.rf.cbc97b81619f4ce78b432665df5dbc51.jpg,2111123
img7-154-_png.rf.e368fb88aa3741ed04c112a48661d7ad.jpg,3111133
img7-155-_png.rf.cbde2ae8c7c98b461d1658a65546670a.jpg,2211133
img7-156-_png.rf.67750d716b93e85c3c5e59dc348f8ba1.jpg,3331133
img7-157-_png.rf.b7d77db61f7ba1add4ae3f803294b1e7.jpg,1332133
img7-159-_png.rf.98969761d2db3f273c8d40e6c498a641.jpg,3122133
img7-16-_png.rf.1898d1c7991b5cdd8ecd0781f3f9a6f0.jpg,3312311
img7-17-_png.rf.fd391618be1ed0b8cf0b2cbc1eebf155.jpg,1212311
img7-18-_png.rf.5876a0ef618366b8ee64cfa0a6f545ce.jpg,2113311
img7-19-_png.rf.7c5d9375964d490ebd38db44bbad423d.jpg,1313311
img7-2-_png.rf.dd7541905727b33fb983677ce02b5641.jpg,2111111
img7-20-_png.rf.53fd8c923a4f6b9b8e5ec41c0f6b1f52.jpg,2213311
img7-21-_png.rf.c5f9a64b53407575ee660f89f0909ff5.jpg,3333321
img7-23-_png.rf.4864fb0223977da18de2d79ccbba1d6e.jpg,1113321
img7-24-_png.rf.7bc697fc2f14c64abd6e9a772ce3f9ae.jpg,3112321
img7-26-_png.rf.bb025836163a65d3a516aa61fc3f9a42.jpg,1222321
img7-27-_png.rf.bf04bebf15e821f34d38ffac90701c93.jpg,1222121
img7-28-_png.rf.52646ac8c9234e6e1318dca6ec18bbd4.jpg,2312121
img7-29-_png.rf.9c246c0d928aedabf0c3b01eabd9230b.jpg,3112121
img7-3-_png.rf.795e76c656f3ad0e61f89f9b89885a06.jpg,2311111
img7-30-_png.rf.eb82c2d0f233b43720e273538e758fe8.jpg,2212121
img7-31-_png.rf.a03073bfec3df628c2bfae41be0281a2.jpg,3232121
img7-33-_png.rf.ded17d2717963916f3dffe503ec23c32.jpg,3132121
img7-35-_png.rf.f7823dc6094fa6cc55929dd37b8606a3.jpg,3132121
img7-36-_png.rf.364e8e29a91b97a6dab7d4e9886df3bd.jpg,3222121
img7-37-_png.rf.ade9302638fcaccf127bf4c5eb60103a.jpg,3322321
img7-39-_png.rf.8833ad3366236d1229c3cd7d5d45041a.jpg,2313321
img7-41-_png.rf.c236dd2c5dd20aac428fff9f0abbb08a.jpg,3312321
img7-42-_png.rf.bf8cf1304650f7c270454479ba83e2c0.jpg,1113321
img7-45-_png.rf.97747e378ef563fb196e9ffe0cdde285.jpg,3312321
img7-46-_png.rf.831f82341d8a85cd2f6c4c9a5f7c538d.jpg,2322321
img7-47-_png.rf.c4ec15d15215e6451eb53cd8886275d5.jpg,1122321
img7-48-_png.rf.af13ee579d308ab7a680d6abe8e30a60.jpg,2232321
img7-49-_png.rf.3fb9eccacd58b6369362734407bb22cc.jpg,3212321
img7-5-_png.rf.1f6590ada9a0d85e77182937a2219a42.jpg,2121111
img7-50-_png.rf.ca7fe676bb50f7ad6987649cbe7ef8cf.jpg,1112321
img7-51-_png.rf.3dc47579b829bcca21f59d5158ea9ba2.jpg,3113321
img7-52-_png.rf.4a66705f457077adb7ef4ae9d9d2260d.jpg,3213321
img7-53-_png.rf.d1af8283b8356c0201a618efcfa9d775.jpg,2213321
img7-54-_png.rf.d1e8f3393041a21c997ff95155d73f62.jpg,2233321
img7-55-_png.rf.13450286ba60f83780a4729e9ef6f215.jpg,1333321
img7-56-_png.rf.6e75a374abd04c38c608b250a9b2e80c.jpg,1333321
img7-57-_png.rf.a629cf1e886d3bd39ff8fb40b9243811.jpg,2233321
img7-58-_png.rf.bc1e085b80c236950695c14306cc6e80.jpg,3213321
img7-59-_png.rf.53f7e0db6a3c6662b1f36e16b3bf7f25.jpg,1113321
img7-6-_png.rf.b3d6acad7a2108dede4f566a99ab3c8f.jpg,3131111
img7-60-_png.rf.1077249a0150f88ae60bca00b9463cdd.jpg,1112321
img7-62-_png.rf.30fb6af111694666ea7d758e3d13b2b4.jpg,3212321
img7-63-_png.rf.0572a06b0f2072f8fe84de5678ce014a.jpg,2212321
img7-64-_png.rf.990ec2eb0e4df94abb23b1f4082be687.jpg,2232321
img7-65-_png.rf.1eb5a5839c06fac3e0182e8444997de8.jpg,1232321
img7-67-_png.rf.0b437fcf47a83f7e814f80204dbda156.jpg,3332321
img7-69-_png.rf.330d0d5140325e0007b3bb3edb090dcf.jpg,1331321
img7-7-_png.rf.a5d44fcd5828ea0512f994c9fdfaeaed.jpg,2231111
img7-70-_png.rf.44da58c82c2c80cbfd42ed47f36b82ac.jpg,1231321
img7-71-_png.rf.e7e926f6891e3c955c8b5884401cc0e5.jpg,2231321
img7-73-_png.rf.3ef29a2b070c106a5b02f7abd6c0fd7d.jpg,1111321
img7-75-_png.rf.6123b8f682cfae9039b92d9657f529ce.jpg,2211221
img7-76-_png.rf.c4ab2c9ca7c1dd8b1b67ffcc9f05b501.jpg,3231221
img7-77-_png.rf.99014bd053d5ddd7c28d91728d56e31e.jpg,3131221
img7-78-_png.rf.353bd46f85c5be805f24ee8d0ce758d0.jpg,1131221
img7-8-_png.rf.4a133c09643145d1feaf0a39a3159b78.jpg,1331111
img7-80-_png.rf.1087e742f1a895fbb764070b56553ffe.jpg,3121221
img7-81-_png.rf.c4ef59f7559500c328200f45f3a30ce1.jpg,2221221
img7-82-_png.rf.40ddaedc6b20f613c8c6066e9707a69b.jpg,3221221
img7-84-_png.rf.884e45b8226475afb9407912c3dc6b95.jpg,1121221
img7-85-_png.rf.dd34048202b66cc9cd6a422a694960c4.jpg,1131221
img7-86-_png.rf.8a54c5a83a7ba8005b3982df5e635232.jpg,3131221
img7-87-_png.rf.3d2e3198a5bd25e3370ea237a762d8c2.jpg,3231221
img7-88-_png.rf.7390a2a56b5939ee4bb8b3a728b20422.jpg,2231221
img7-89-_png.rf.7fbd8e76c1c36f7384cfa884d14c6a11.jpg,3211221
img7-9-_png.rf.8fd496ec7ffe646ce0d162a67bc99e57.jpg,3332111
img7-90-_png.rf.91b17df386db4cfa150a29ad93af84ac.jpg,1111221
img7-91-_png.rf.d46cd97b20d1d33733cd2238efc6d2a4.jpg,2311321
img7-92-_png.rf.e64b2dde05abf4ef97a9744551c18227.jpg,1321321
img7-93-_png.rf.f80264e7b5a132adef8025706a66f770.jpg,2221321
img7-94-_png.rf.703075ba1d854ce2b51839d6a3b4c1be.jpg,2223321
img7-96-_png.rf.dcaa2810d400767143767828ae8b6f4a.jpg,1123321
img7-97-_png.rf.ef06b7dcf98a11ea470598c651b6b318.jpg,1133321
img7-98-_png.rf.dbea4911bf40f1fa3dd9e93b2eb1a683.jpg,2133321
img7-99-_png.rf.7c8cd923711810375271cad64377a4e0.jpg,2333321